ASIN;URL
B008R0VAJA;/Normahl-Adler-T-Shirt-schwarz-Gr%C3%B6sse/dp/B008R0VAJA/ref=sr_1_1?keywords=normahl+shirt&qid=1679583096&sr=8-1
B0BQC59G6S;/Normahl-NoRMAhl-Langarmshirt/dp/B0BQC59G6S/ref=sr_1_12?keywords=normahl+shirt&qid=1679583096&sr=8-12
B0BRVNF8LR;/Normahl-NoRMAhl-Raglan/dp/B0BRVNF8LR/ref=sr_1_13?keywords=normahl+shirt&qid=1679583096&sr=8-13
B0BR5Z15LK;/Normahl-NoRMAhl-Tank-Top/dp/B0BR5Z15LK/ref=sr_1_24?keywords=normahl+shirt&qid=1679583096&sr=8-24
B0BQYZ9D42;/Normahl-NoRMAhl-Pullover-Hoodie/dp/B0BQYZ9D42/ref=sr_1_27?keywords=normahl+shirt&qid=1679583096&sr=8-27
B0BR5ZYVHL;/Damen-NoRMAhl-T-Shirt-mit-V-Ausschnitt/dp/B0BR5ZYVHL/ref=sr_1_5?keywords=normahl+shirt&qid=1679583096&sr=8-5
B0BR2KJDRX;/Normahl-NoRMAhl-Raglan/dp/B0BR2KJDRX/ref=sr_1_16?keywords=normahl+shirt&qid=1679583096&sr=8-16
B0BQWNQZN9;/Normahl-NoRMAhl-Pullover-Hoodie/dp/B0BQWNQZN9/ref=sr_1_30?keywords=normahl+shirt&qid=1679583096&sr=8-30
B0BQWNNHYM;/Normahl-NoRMAhl-Langarmshirt/dp/B0BQWNNHYM/ref=sr_1_23?keywords=normahl+shirt&qid=1679583096&sr=8-23
B0BR48ZDTW;/Damen-NoRMAhl-T-Shirt-mit-V-Ausschnitt/dp/B0BR48ZDTW/ref=sr_1_10?keywords=normahl+shirt&qid=1679583096&sr=8-10
B0BRB9DL6S;/Normahl-NoRMAhl-Raglan/dp/B0BRB9DL6S/ref=sr_1_15?keywords=normahl+shirt&qid=1679583096&sr=8-15
B0BR49GT93;/Normahl-NoRMAhl-Tank-Top/dp/B0BR49GT93/ref=sr_1_21?keywords=normahl+shirt&qid=1679583096&sr=8-21
B0BR2LC1K6;/Normahl-NoRMAhl-Langarmshirt/dp/B0BR2LC1K6/ref=sr_1_22?keywords=normahl+shirt&qid=1679583096&sr=8-22
B0BRVMMR5X;/Normahl-NoRMAhl-Tank-Top/dp/B0BRVMMR5X/ref=sr_1_25?keywords=normahl+shirt&qid=1679583096&sr=8-25
B0BQWLFD1Z;/Normahl-NoRMAhl-T-Shirt/dp/B0BQWLFD1Z/ref=sr_1_7?keywords=normahl+shirt&qid=1679583096&sr=8-7
B0BXXY3FZN;/Damen-NoRMAhl-T-Shirt-mit-V-Ausschnitt/dp/B0BXXY3FZN/ref=sr_1_8?keywords=normahl+shirt&qid=1679583096&sr=8-8
B0BXY2SJ2M;/Normahl-NoRMAhl-Tank-Top/dp/B0BXY2SJ2M/ref=sr_1_18?keywords=normahl+shirt&qid=1679583096&sr=8-18
B0BQC4RNNX;/Normahl-NoRMAhl-Pullover-Hoodie/dp/B0BQC4RNNX/ref=sr_1_19?keywords=normahl+shirt&qid=1679583096&sr=8-19
B0BR88335J;/Normahl-NoRMAhl-Tank-Top/dp/B0BR88335J/ref=sr_1_20?keywords=normahl+shirt&qid=1679583096&sr=8-20
B0BQZ1Y5MR;/Normahl-NoRMAhl-T-Shirt/dp/B0BQZ1Y5MR/ref=sr_1_4?keywords=normahl+shirt&qid=1679583096&sr=8-4
B0BQYZ9D41;/Normahl-NoRMAhl-Langarmshirt/dp/B0BQYZ9D41/ref=sr_1_26?keywords=normahl+shirt&qid=1679583096&sr=8-26
B0BR1ZLGLV;/Normahl-NoRMAhl-Pullover-Hoodie/dp/B0BR1ZLGLV/ref=sr_1_29?keywords=normahl+shirt&qid=1679583096&sr=8-29
B0BQ7HMNDK;/Normahl-NoRMAhl-T-Shirt/dp/B0BQ7HMNDK/ref=sr_1_2?keywords=normahl+shirt&qid=1679583096&sr=8-2
B0BRB941B5;/Damen-NoRMAhl-T-Shirt-mit-V-Ausschnitt/dp/B0BRB941B5/ref=sr_1_9?keywords=normahl+shirt&qid=1679583096&sr=8-9
B0BR88N1XQ;/Damen-NoRMAhl-T-Shirt-mit-V-Ausschnitt/dp/B0BR88N1XQ/ref=sr_1_11?keywords=normahl+shirt&qid=1679583096&sr=8-11
B0BR21CQ2C;/Normahl-NoRMAhl-Langarmshirt/dp/B0BR21CQ2C/ref=sr_1_17?keywords=normahl+shirt&qid=1679583096&sr=8-17
B0BXY3C56L;/Normahl-NoRMAhl-Kapuzenjacke/dp/B0BXY3C56L/ref=sr_1_31?keywords=normahl+shirt&qid=1679583096&sr=8-31
B0BQC1PFJ7;/Normahl-NoRMAhl-T-Shirt/dp/B0BQC1PFJ7/ref=sr_1_3?keywords=normahl+shirt&qid=1679583096&sr=8-3
B0BR1ZQT1N;/Normahl-NoRMAhl-T-Shirt/dp/B0BR1ZQT1N/ref=sr_1_6?keywords=normahl+shirt&qid=1679583096&sr=8-6
B0BR888FBN;/Normahl-NoRMAhl-Raglan/dp/B0BR888FBN/ref=sr_1_14?keywords=normahl+shirt&qid=1679583096&sr=8-14
B0BR2JKSZ7;/Normahl-NoRMAhl-Pullover-Hoodie/dp/B0BR2JKSZ7/ref=sr_1_28?keywords=normahl+shirt&qid=1679583096&sr=8-28
